{
  "version": "1.0.0",
  "platformVersion": "7.6.1",
  "authentication": {
    "type": "session",
    "test": {
      "url": "https://api.pverify.com/Token",
      "method": "POST",
      "body": "username={{bundle.authData.username}}&password={{bundle.authData.password}}&grant_type=password",
      "headers": {
        "content-type": "application/x-www-form-urlencoded",
        "sent-from": "authentication"
      }
    },
    "fields": [
      {
        "key": "username",
        "type": "string",
        "required": true,
        "helpText": "Your login username."
      },
      {
        "key": "password",
        "type": "string",
        "required": true,
        "helpText": "Your login password."
      }
    ],
    "sessionConfig": {
      "perform": "$func$2$f$"
    }
  },
  "beforeRequest": [
    "$func$3$f$"
  ],
  "afterResponse": [
    "$func$3$f$"
  ],
  "resources": {},
  "triggers": {},
  "searches": {},
  "creates": {
    "SameOrSimilarInquiry": {
      "key": "SameOrSimilarInquiry",
      "noun": "SameOrSimilarInquiry",
      "display": {
        "label": "Generates Same or Similar Inquiry Call",
        "description": "Same or Similar checks across all 4 medicare jurisdictions."
      },
      "operation": {
        "inputFields": [
          {
            "key": "User",
            "required": true,
            "type": "string"
          },
          {
            "key": "memberId",
            "required": true,
            "type": "string"
          },
          {
            "key": "patientFirstName",
            "required": true,
            "type": "string"
          },
          {
            "key": "patientLastName",
            "required": true,
            "type": "string"
          },
          {
            "key": "patientStateCode",
            "required": true,
            "type": "string"
          },
          {
            "key": "patientDOB",
            "required": true,
            "type": "string"
          },
          {
            "key": "hcpcsCodes",
            "required": true,
            "type": "string"
          },
          {
            "key": "date_Of_Service_start",
            "required": false,
            "type": "string"
          },
          {
            "key": "date_Of_Service_end",
            "required": false,
            "type": "string"
          },
          {
            "key": "location",
            "required": false,
            "type": "string"
          }
        ],
        "perform": "$func$2$f$"
      }
    }
  },
  "searchOrCreates": {}
}